func,size,time
linked,100,0.000024
linked,1000,0.002057
linked,10000,0.206465
linked_for,100,0.000042
linked_for,1000,0.001039
linked_for,10000,0.096213
linked_task,100,0.000180
linked_task,1000,0.001605
linked_task,10000,0.063236
linked,100000,21.247713
linked_for,100000,12.864341
linked_task,100000,8.945339