func,size,time
linked,100000,21.247713
linked_for,100000,12.864341
linked_task,100000,8.945339
