func,size,time
linked,100000,4.5552691001
linked_for,100000,2.66334441
linked_task,100000,2.0495111501
