func,size,time
linked,100000,28.7228231203
linked_for,100000,27.975380189499997
linked_task,100000,13.275210770000001
